{
  "oct": {
    "sensitivity": {
      "Overall": {
        "mean": 0.7296200609622461,
        "std": 0.07119834281245536,
        "values": [
          0.6510254968128983,
          0.7293284493284493,
          0.8140002994089928,
          0.7858836580086579,
          0.6678624012522317
        ]
      },
      "Intermediate AMD": {
        "mean": 0.8248410835742306,
        "std": 0.01671556500007878,
        "values": [
          0.8031496062992126,
          0.8412698412698413,
          0.8145161290322581,
          0.824,
          0.8412698412698413
        ]
      },
      "Early AMD": {
        "mean": 0.3751914751914752,
        "std": 0.19873514555074717,
        "values": [
          0.1666666666666666,
          0.3846153846153846,
          0.5714285714285714,
          0.5714285714285714,
          0.1818181818181818
        ]
      },
      "Advanced AMD": {
        "mean": 0.7987810184166116,
        "std": 0.0413976128954611,
        "values": [
          0.7942857142857143,
          0.7714285714285715,
          0.8700564971751412,
          0.7897727272727273,
          0.768361581920904
        ]
      },
      "Normal": {
        "mean": 0.9196666666666667,
        "std": 0.06298588907225351,
        "values": [
          0.84,
          0.92,
          1.0,
          0.9583333333333334,
          0.88
        ]
      }
    },
    "f1_score": {
      "Overall": {
        "mean": 0.743364688654839,
        "std": 0.06356590219060437,
        "values": [
          0.6833955229044928,
          0.7583192786715102,
          0.8215655273967295,
          0.7800468791849634,
          0.6734962351164988
        ]
      },
      "Intermediate AMD": {
        "mean": 0.7602832666314339,
        "std": 0.023815226125791154,
        "values": [
          0.7338129496402878,
          0.75177304964539,
          0.7984189723320159,
          0.762962962962963,
          0.7544483985765125
        ]
      },
      "Early AMD": {
        "mean": 0.4568024132730015,
        "std": 0.19765808758228454,
        "values": [
          0.2666666666666666,
          0.5,
          0.6666666666666666,
          0.6153846153846154,
          0.2352941176470588
        ]
      },
      "Advanced AMD": {
        "mean": 0.8374702614156877,
        "std": 0.02498592494225904,
        "values": [
          0.8200589970501475,
          0.823170731707317,
          0.88,
          0.8398791540785498,
          0.8242424242424242
        ]
      },
      "Normal": {
        "mean": 0.9189028132992327,
        "std": 0.031167590358496013,
        "values": [
          0.9130434782608696,
          0.9583333333333334,
          0.9411764705882352,
          0.9019607843137256,
          0.88
        ]
      }
    },
    "auc_roc": {
      "Overall": {
        "mean": 0.9392938200971331,
        "std": 0.018396995581079444,
        "values": [
          0.9127414326534872,
          0.939152312935806,
          0.9589333516556052,
          0.953733271402026,
          0.9319087318387412
        ]
      },
      "Intermediate AMD": {
        "mean": 0.8810009070578367,
        "std": 0.02261803956401338,
        "values": [
          0.8502822760362502,
          0.8711901035844698,
          0.9097899474868716,
          0.8942429906542056,
          0.8794992175273866
        ]
      },
      "Early AMD": {
        "mean": 0.957451237631977,
        "std": 0.031848722664545796,
        "values": [
          0.9151376146788992,
          0.9681453515809344,
          0.9868131868131867,
          0.983956043956044,
          0.9332039911308204
        ]
      },
      "Advanced AMD": {
        "mean": 0.9225271325982574,
        "std": 0.019178328587899182,
        "values": [
          0.8915331010452962,
          0.922369337979094,
          0.9395270977191882,
          0.9373954266592304,
          0.9218106995884776
        ]
      },
      "Normal": {
        "mean": 0.9961960031004617,
        "std": 0.0030567606391256916,
        "values": [
          0.9940127388535032,
          0.994904458598726,
          0.9996031746031746,
          0.9993386243386244,
          0.9931210191082804
        ]
      }
    },
    "specificity": {
      "Normal": {
        "mean": 0.9936447275300779,
        "std": 0.005943205903467355,
        "values": [
          1.0,
          1.0,
          0.9904761904761905,
          0.9873015873015873,
          0.9904458598726115
        ]
      },
      "Early AMD": {
        "mean": 0.9920300532573106,
        "std": 0.004106692859540068,
        "values": [
          0.9969418960244648,
          0.9938650306748467,
          0.9938461538461538,
          0.9876923076923076,
          0.9878048780487805
        ]
      },
      "Intermediate AMD": {
        "mean": 0.795516990350282,
        "std": 0.04432832297936882,
        "values": [
          0.7688679245283019,
          0.7652582159624414,
          0.8697674418604651,
          0.8037383177570093,
          0.7699530516431925
        ]
      },
      "Advanced AMD": {
        "mean": 0.8834846293248209,
        "std": 0.0212588467331117,
        "values": [
          0.8475609756097561,
          0.8902439024390244,
          0.8827160493827161,
          0.901840490797546,
          0.8950617283950617
        ]
      },
      "Overall": {
        "mean": 0.9161691001156228,
        "std": 0.0117129815537507,
        "values": [
          0.9033426990406308,
          0.9123417872690781,
          0.9342014588913814,
          0.9201431758871126,
          0.9108163794899116
        ]
      }
    }
  },
  "bio": {
    "sensitivity": {
      "Overall": {
        "mean": 0.7836828865373742,
        "std": 0.052274843370751375,
        "values": [
          0.7165063742032245,
          0.7747741147741147,
          0.8040156603920956,
          0.8583084415584417,
          0.7648098417589944
        ]
      },
      "Intermediate AMD": {
        "mean": 0.7598222012571009,
        "std": 0.042456135356110716,
        "values": [
          0.7007874015748031,
          0.7777777777777778,
          0.7983870967741935,
          0.792,
          0.7301587301587301
        ]
      },
      "Early AMD": {
        "mean": 0.6507659007659008,
        "std": 0.17312873139198412,
        "values": [
          0.4166666666666667,
          0.5384615384615384,
          0.7142857142857143,
          0.8571428571428571,
          0.7272727272727273
        ]
      },
      "Advanced AMD": {
        "mean": 0.8864767774598283,
        "std": 0.029718774738468894,
        "values": [
          0.9085714285714286,
          0.9028571428571428,
          0.8700564971751412,
          0.9090909090909092,
          0.8418079096045198
        ]
      },
      "Normal": {
        "mean": 0.8376666666666667,
        "std": 0.04806823853185756,
        "values": [
          0.84,
          0.88,
          0.8333333333333334,
          0.875,
          0.76
        ]
      }
    },
    "f1_score": {
      "Overall": {
        "mean": 0.7674900865209703,
        "std": 0.054731613865547125,
        "values": [
          0.7144739507373197,
          0.7810095982609615,
          0.7897182928864956,
          0.8407211919240734,
          0.7115273987960014
        ]
      },
      "Intermediate AMD": {
        "mean": 0.7799615699021472,
        "std": 0.03409123207872499,
        "values": [
          0.7416666666666667,
          0.8,
          0.7983870967741935,
          0.8148148148148148,
          0.7449392712550608
        ]
      },
      "Early AMD": {
        "mean": 0.5902142037485656,
        "std": 0.1425268611721048,
        "values": [
          0.4166666666666667,
          0.6086956521739131,
          0.6666666666666666,
          0.7741935483870968,
          0.4848484848484848
        ]
      },
      "Advanced AMD": {
        "mean": 0.8787756481087218,
        "std": 0.015476315839911667,