Metric,OCT_Mean,OCT_Std,OCT_CI,BIO_Mean,BIO_Std,BIO_CI
Sensitivity,0.7296200609622461,0.07119834281245536,"[0.6412, 0.8180]",0.7836828865373742,0.052274843370751375,"[0.7188, 0.8486]"
Specificity,0.9161691001156228,0.0117129815537507,"[0.9016, 0.9307]",0.9277590979774658,0.010241390824441792,"[0.9150, 0.9405]"
F1-Score,0.743364688654839,0.06356590219060437,"[0.6644, 0.8223]",0.7674900865209703,0.054731613865547125,"[0.6995, 0.8354]"
Auc-Roc,0.9392938200971331,0.018396995581079444,"[0.9165, 0.9621]",0.9516157885902912,0.014383765739924467,"[0.9338, 0.9695]"
